actual_cuisine,predicted_cuisine,row_normalized_rate
vietnamese,thai,0.18545454545454546
french,italian,0.11942554799697656
irish,british,0.1184407796101949
british,french,0.11318407960199005
british,irish,0.11194029850746269
spanish,italian,0.10819009100101112
british,southern_us,0.10696517412935323
cajun_creole,southern_us,0.1054333764553687
thai,vietnamese,0.09291747888239116
irish,french,0.09145427286356822
russian,french,0.08997955010224949
greek,italian,0.0851063829787234
japanese,chinese,0.08503162333099086
spanish,french,0.08493427704752275
irish,southern_us,0.08395802098950525
russian,british,0.07975460122699386
brazilian,mexican,0.07708779443254818
korean,chinese,0.07590361445783132
filipino,chinese,0.07549668874172186
spanish,mexican,0.07077856420626896
vietnamese,chinese,0.0703030303030303
japanese,indian,0.06957132817990162
russian,irish,0.06134969325153374
italian,french,0.05856085736157183
thai,chinese,0.05588044184535412
southern_us,cajun_creole,0.05277777777777778
jamaican,southern_us,0.051330798479087454
british,russian,0.05099502487562189
french,southern_us,0.05026455026455026
korean,japanese,0.04819277108433735
moroccan,indian,0.04506699147381242
russian,southern_us,0.04294478527607362
cajun_creole,italian,0.04139715394566624
vietnamese,filipino,0.041212121212121214
russian,italian,0.0408997955010225
french,british,0.03968253968253968
brazilian,spanish,0.03854389721627409
irish,russian,0.037481259370314844
greek,spanish,0.0374468085106383
southern_us,french,0.03726851851851852
chinese,korean,0.037037037037037035
french,irish,0.03665910808767952
french,spanish,0.03665910808767952
brazilian,southern_us,0.03640256959314775
brazilian,italian,0.034261241970021415
jamaican,filipino,0.03231939163498099
southern_us,british,0.03194444444444444
filipino,vietnamese,0.031788079470198675
moroccan,greek,0.031668696711327646
french,russian,0.03136810279667423
moroccan,spanish,0.030450669914738125
jamaican,mexican,0.030418250950570342
cajun_creole,french,0.03040103492884864
spanish,southern_us,0.030333670374115267
brazilian,filipino,0.029978586723768737
brazilian,jamaican,0.029978586723768737
chinese,japanese,0.029928918817807706
spanish,greek,0.029322548028311426
greek,french,0.028085106382978724
filipino,southern_us,0.02781456953642384
italian,greek,0.027558050523092625
thai,indian,0.02729044834307992
southern_us,italian,0.027083333333333334
indian,moroccan,0.02564102564102564
spanish,moroccan,0.025278058645096056
greek,moroccan,0.02468085106382979
chinese,thai,0.024317246539468762
irish,italian,0.0239880059970015
moroccan,italian,0.023142509135200974
italian,spanish,0.023092625669813727
filipino,brazilian,0.022516556291390728
russian,filipino,0.022494887525562373
southern_us,irish,0.02199074074074074
italian,southern_us,0.02181678999744833
japanese,korean,0.02178496134926212
korean,vietnamese,0.021686746987951807
brazilian,cajun_creole,0.021413276231263382
brazilian,indian,0.021413276231263382
british,indian,0.021144278606965175
british,italian,0.021144278606965175
mexican,southern_us,0.02096924510717614
chinese,filipino,0.020950243172465393
vietnamese,brazilian,0.020606060606060607
russian,spanish,0.02044989775051125
southern_us,mexican,0.02013888888888889
brazilian,russian,0.019271948608137045
jamaican,french,0.019011406844106463
chinese,vietnamese,0.01870557426112982
filipino,russian,0.018543046357615896
filipino,thai,0.018543046357615896
japanese,southern_us,0.017568517217146872
thai,filipino,0.017543859649122806
southern_us,russian,0.01712962962962963
jamaican,indian,0.017110266159695818
vietnamese,japanese,0.01696969696969697
korean,filipino,0.016867469879518072
irish,spanish,0.01649175412293853
russian,greek,0.016359918200409
russian,indian,0.016359918200409
spanish,filipino,0.016177957532861477
cajun_creole,mexican,0.016170763260025874
cajun_creole,russian,0.016170763260025874
japanese,french,0.016163035839775124
filipino,korean,0.015894039735099338
filipino,mexican,0.015894039735099338
moroccan,mexican,0.015834348355663823
japanese,filipino,0.015460295151089248
mexican,spanish,0.01537744641192917
greek,russian,0.015319148936170212
jamaican,cajun_creole,0.015209125475285171
jamaican,british,0.015209125475285171
jamaican,brazilian,0.015209125475285171
spanish,cajun_creole,0.015166835187057633
spanish,british,0.015166835187057633
french,greek,0.015117157974300832
brazilian,french,0.014989293361884369
filipino,french,0.01456953642384106
vietnamese,korean,0.014545454545454545
greek,southern_us,0.01446808510638298
cajun_creole,spanish,0.014230271668822769
spanish,brazilian,0.014155712841253791
southern_us,spanish,0.013888888888888888
mexican,italian,0.01382416899658279
british,jamaican,0.013681592039800995
thai,mexican,0.01364522417153996
greek,indian,0.013617021276595745
irish,greek,0.013493253373313344
mexican,french,0.013358185771978875
jamaican,spanish,0.013307984790874524
southern_us,filipino,0.012962962962962963
brazilian,british,0.01284796573875803
indian,mexican,0.012321012321012322
russian,moroccan,0.012269938650306749
moroccan,french,0.012180267965895249
moroccan,jamaican,0.012180267965895249
moroccan,southern_us,0.012180267965895249
spanish,indian,0.012133468149646108
spanish,russian,0.012133468149646108
filipino,japanese,0.011920529801324504
filipino,italian,0.011920529801324504
italian,russian,0.011610104618525133
jamaican,russian,0.011406844106463879
british,spanish,0.011194029850746268
thai,korean,0.011046133853151396
brazilian,thai,0.010706638115631691
japanese,thai,0.010541110330288124
japanese,vietnamese,0.010541110330288124
irish,filipino,0.010494752623688156
thai,brazilian,0.010396361273554255
russian,jamaican,0.010224948875255624
russian,japanese,0.010224948875255624
italian,british,0.009951518244450114
british,brazilian,0.009950248756218905
japanese,irish,0.009838369641602248
jamaican,irish,0.009505703422053232
southern_us,brazilian,0.00949074074074074
french,cajun_creole,0.00944822373393802
indian,thai,0.009324009324009324
filipino,indian,0.009271523178807948
japanese,russian,0.009135628952916374
thai,japanese,0.009096816114359974
indian,greek,0.008658008658008658
indian,japanese,0.008658008658008658
chinese,southern_us,0.008604564160119716
southern_us,jamaican,0.008564814814814815
italian,irish,0.008548099004848176
moroccan,british,0.008526187576126675
vietnamese,french,0.008484848484848486
italian,cajun_creole,0.008420515437611636
russian,cajun_creole,0.0081799591002045
spanish,irish,0.008088978766430738
filipino,spanish,0.007947019867549669
french,moroccan,0.007936507936507936
thai,southern_us,0.007797270955165692
cajun_creole,british,0.007761966364812419
japanese,british,0.007730147575544624
japanese,italian,0.007730147575544624
greek,british,0.007659574468085106
greek,mexican,0.007659574468085106
greek,irish,0.007659574468085106
jamaican,chinese,0.0076045627376425855
jamaican,italian,0.0076045627376425855
irish,jamaican,0.0074962518740629685
irish,indian,0.0074962518740629685
british,cajun_creole,0.007462686567164179
mexican,brazilian,0.007455731593662628
indian,jamaican,0.007326007326007326
indian,southern_us,0.007326007326007326
moroccan,russian,0.007308160779537149
vietnamese,mexican,0.007272727272727273
italian,mexican,0.007272263332482776
korean,spanish,0.007228915662650603
japanese,brazilian,0.007027406886858749
mexican,filipino,0.006834420627524076
chinese,italian,0.006734006734006734
cajun_creole,filipino,0.00646830530401035
brazilian,moroccan,0.006423982869379015
british,greek,0.006218905472636816
british,filipino,0.006218905472636816
russian,mexican,0.006134969325153374
russian,brazilian,0.006134969325153374
vietnamese,indian,0.006060606060606061
vietnamese,jamaican,0.006060606060606061
vietnamese,southern_us,0.006060606060606061
vietnamese,italian,0.006060606060606061
french,filipino,0.006046863189720333
korean,italian,0.006024096385542169
irish,cajun_creole,0.005997001499250375
irish,mexican,0.005997001499250375
indian,british,0.005994005994005994
indian,filipino,0.005994005994005994
cajun_creole,irish,0.005821474773609315
southern_us,greek,0.005787037037037037
mexican,cajun_creole,0.005747126436781609
jamaican,greek,0.005703422053231939
jamaican,thai,0.005703422053231939
indian,italian,0.005661005661005661
japanese,greek,0.005621925509486999
chinese,french,0.005611672278338945
filipino,cajun_creole,0.005298013245033113
filipino,british,0.005298013245033113
filipino,irish,0.005298013245033113
chinese,indian,0.005237560793116348
thai,jamaican,0.005198180636777128
indian,irish,0.004995004995004995
indian,brazilian,0.004995004995004995
indian,russian,0.004995004995004995
british,mexican,0.004975124378109453
french,jamaican,0.0049130763416477706
french,japanese,0.0049130763416477706
moroccan,cajun_creole,0.0048721071863581
moroccan,irish,0.0048721071863581
chinese,mexican,0.004863449307893753
southern_us,indian,0.004861111111111111
vietnamese,moroccan,0.0048484848484848485
vietnamese,british,0.0048484848484848485
vietnamese,greek,0.0048484848484848485
korean,southern_us,0.004819277108433735
korean,russian,0.004819277108433735
korean,thai,0.004819277108433735
korean,french,0.004819277108433735
french,brazilian,0.0045351473922902496
cajun_creole,brazilian,0.004527813712807244
irish,moroccan,0.004497751124437781
mexican,british,0.004349176762969867
italian,moroccan,0.004337841286042358
indian,french,0.004329004329004329
brazilian,irish,0.004282655246252677
japanese,mexican,0.004216444132115249
mexican,indian,0.004193849021435228
chinese,jamaican,0.00411522633744856
chinese,brazilian,0.00411522633744856
chinese,russian,0.00411522633744856
chinese,cajun_creole,0.00411522633744856
russian,vietnamese,0.00408997955010225
russian,korean,0.00408997955010225
spanish,jamaican,0.004044489383215369
mexican,moroccan,0.00403852127990059
mexican,russian,0.00403852127990059
indian,spanish,0.003996003996003996
filipino,jamaican,0.003973509933774834
jamaican,vietnamese,0.0038022813688212928
jamaican,moroccan,0.0038022813688212928
jamaican,japanese,0.0038022813688212928
french,mexican,0.003779289493575208
chinese,british,0.0037411148522259632
chinese,spanish,0.0037411148522259632
british,japanese,0.0037313432835820895
british,chinese,0.0037313432835820895
british,moroccan,0.0037313432835820895
southern_us,moroccan,0.003703703703703704
southern_us,japanese,0.003703703703703704
vietnamese,spanish,0.0036363636363636364
korean,irish,0.0036144578313253013
greek,chinese,0.003404255319148936
indian,chinese,0.00333000333000333
thai,italian,0.003248862897985705
cajun_creole,korean,0.003234152652005175
cajun_creole,indian,0.003234152652005175
mexican,jamaican,0.0031065548306927616
mexican,greek,0.0031065548306927616
spanish,japanese,0.003033367037411527
french,indian,0.0030234315948601664
irish,japanese,0.0029985007496251873
irish,korean,0.0029985007496251873
irish,vietnamese,0.0029985007496251873
japanese,jamaican,0.0028109627547434997
italian,japanese,0.0028068384792038787
italian,filipino,0.0026792549119673387
italian,brazilian,0.0026792549119673387
mexican,irish,0.0026405716060888475
thai,moroccan,0.002599090318388564
thai,spanish,0.002599090318388564
cajun_creole,greek,0.00258732212160414
cajun_creole,jamaican,0.00258732212160414
greek,jamaican,0.002553191489361702
greek,filipino,0.002553191489361702
greek,korean,0.002553191489361702
greek,brazilian,0.002553191489361702
british,vietnamese,0.0024875621890547263
moroccan,japanese,0.00243605359317905
moroccan,thai,0.00243605359317905
vietnamese,irish,0.0024242424242424242
korean,british,0.0024096385542168677
korean,greek,0.0024096385542168677
korean,jamaican,0.0024096385542168677
korean,mexican,0.0024096385542168677
southern_us,chinese,0.0023148148148148147
chinese,moroccan,0.002244668911335578
chinese,irish,0.002244668911335578
brazilian,japanese,0.0021413276231263384
brazilian,chinese,0.0021413276231263384
japanese,spanish,0.0021082220660576245
southern_us,thai,0.0020833333333333333
russian,thai,0.002044989775051125
spanish,vietnamese,0.0020222446916076846
mexican,japanese,0.002019260639950295
indian,vietnamese,0.001998001998001998
indian,cajun_creole,0.001998001998001998
thai,greek,0.001949317738791423
cajun_creole,vietnamese,0.0019404915912031048
french,chinese,0.001889644746787604
french,vietnamese,0.001889644746787604
chinese,greek,0.0018705574261129816
mexican,chinese,0.001863932898415657
greek,japanese,0.001702127659574468
greek,vietnamese,0.001702127659574468
southern_us,vietnamese,0.0016203703703703703
mexican,thai,0.0015532774153463808
italian,indian,0.0015310028068384791
irish,thai,0.0014992503748125937
irish,brazilian,0.0014992503748125937
irish,chinese,0.0014992503748125937
japanese,cajun_creole,0.0014054813773717498
italian,jamaican,0.0014034192396019394
southern_us,korean,0.001388888888888889
indian,korean,0.001332001332001332
filipino,greek,0.0013245033112582781
filipino,moroccan,0.0013245033112582781
thai,british,0.001299545159194282
thai,russian,0.001299545159194282
cajun_creole,moroccan,0.00129366106080207
british,korean,0.0012437810945273632
british,thai,0.0012437810945273632
moroccan,brazilian,0.001218026796589525
moroccan,chinese,0.001218026796589525
moroccan,korean,0.001218026796589525
vietnamese,russian,0.0012121212121212121
vietnamese,cajun_creole,0.0012121212121212121
korean,brazilian,0.0012048192771084338
korean,moroccan,0.0012048192771084338
italian,chinese,0.0011482521051288594
italian,vietnamese,0.0011482521051288594
mexican,vietnamese,0.0010872941907424667
spanish,chinese,0.0010111223458038423
spanish,thai,0.0010111223458038423
spanish,korean,0.0010111223458038423
greek,thai,0.000851063829787234
french,korean,0.0007558578987150416
thai,french,0.000649772579597141
thai,cajun_creole,0.000649772579597141
cajun_creole,chinese,0.000646830530401035
cajun_creole,japanese,0.000646830530401035
mexican,korean,0.0006213109661385523
italian,korean,0.0005103342689461597
french,thai,0.0003779289493575208
italian,thai,0.00025516713447307985
